Tekken 8 - Player Community,https://www.facebook.com/groups/271092023851679/,96K
Tekken 7 (Pakistan),https://www.facebook.com/groups/1448926032055988/,1.2K
Tekken Pakistan,https://www.facebook.com/groups/102492259827605/,1K
Tekken 8,https://www.facebook.com/groups/942436086527936/,10K
Tekken 8 Players United Community,https://www.facebook.com/groups/tekkenbandainamco/,82K
Tekken Gujranwala Players,https://www.facebook.com/groups/327268497734399/,1.5K
Tekken mobile/tekken3/4/5/6/7/tag 2.and Tekken 8 Malaysia,https://www.facebook.com/groups/2014416308575587/,7.4K
Tekken 8 Community,https://www.facebook.com/groups/1692525487556662/,3.1K
Tekken Community,https://www.facebook.com/groups/tekkencommunity/,17K
tekken 3,https://www.facebook.com/groups/179661512650201/,1.7K
Tekken Memes ‚Ñ¢Ô∏è ü§°,https://www.facebook.com/groups/tekkenmemes/,70K
Tekken Players,https://www.facebook.com/groups/156121794974562/,997
Tekken 250 riders Pakistan,https://www.facebook.com/groups/1317209371752238/,2.2K
Tekken 7 Pakistan,https://www.facebook.com/groups/444706052390326/,501
! No Tekken No Life !,https://www.facebook.com/groups/114987795511248/,1.4K
Tekken 8,https://www.facebook.com/groups/951292792914529/,26K
Tekken 8,https://www.facebook.com/groups/tekken7players/,2.3K
Tekken 3 & PUBG Online,https://www.facebook.com/groups/305563309648227/,2.1K
Tekken 3 group for all,https://www.facebook.com/groups/727343914082116/,200
Tekken World,https://www.facebook.com/groups/1446465335793707/,1.3K
Tekken 8; (in English) - World-Wide!!!,https://www.facebook.com/groups/1053371571340385/,3.4K
Tekken Tag Tournament 2 {international},https://www.facebook.com/groups/1628384600753354/,872
Tekken Warriors,https://www.facebook.com/groups/3306208772734693/,955
Tekken Knights,https://www.facebook.com/groups/tekkenknights/,509
Tekken 8 Full Gameplay,https://www.facebook.com/groups/1765575623828525/,58
Tekken 8 - Player Community,https://www.facebook.com/groups/271092023851679/,96K
Tekken 8 Players United Community,https://www.facebook.com/groups/tekkenbandainamco/,82K
Tekken Pakistan,https://www.facebook.com/groups/102492259827605/,1K
Tekken 7 (Pakistan),https://www.facebook.com/groups/1448926032055988/,1.2K
Tekken 8,https://www.facebook.com/groups/942436086527936/,10K
Pakistan Tekken Champs,https://www.facebook.com/groups/pakistantekken/,12K
Tekken Gujranwala Players,https://www.facebook.com/groups/327268497734399/,1.5K
Tekken Memes ‚Ñ¢Ô∏è ü§°,https://www.facebook.com/groups/tekkenmemes/,70K
Tekken Community,https://www.facebook.com/groups/tekkencommunity/,17K
"Tekken 7 Online Steam/PC, PS4, XB1",https://www.facebook.com/groups/tekken7onlinesteampcps4xb1/,33K
Tekken mobile/tekken3/4/5/6/7/tag 2.and Tekken 8 Malaysia,https://www.facebook.com/groups/2014416308575587/,7.4K
Tekken 8,https://www.facebook.com/groups/951292792914529/,26K
Tekken 7 Pakistan,https://www.facebook.com/groups/444706052390326/,501
Okara Tekken7 champs,https://www.facebook.com/groups/TekkenOkara/,2.2K
Tekken 3 & PUBG Online,https://www.facebook.com/groups/305563309648227/,2.1K
Tekken Players,https://www.facebook.com/groups/156121794974562/,997
Tekken Tag Tournament 2 {international},https://www.facebook.com/groups/1628384600753354/,873
The TEKKEN ARENA: Showdown,https://www.facebook.com/groups/266705099047416/,922
Tekken 8 Community,https://www.facebook.com/groups/1692525487556662/,3.1K
Tekken Knights,https://www.facebook.com/groups/tekkenknights/,509
Tekken World,https://www.facebook.com/groups/1446465335793707/,1.3K
tekken 3,https://www.facebook.com/groups/179661512650201/,1.7K
Rawalpindi Tekken Community,https://www.facebook.com/groups/944687092836375/,111
Karachi Tekken Players,https://www.facebook.com/groups/1664140487190286/,791
fans club tekken,https://www.facebook.com/groups/45910597715/,3.5K
